{"cameraMode":{"drawMode":0,"name":"Shaded","section":"Shading Mode"},"sceneLighting":true,"audioPlay":false,"sceneViewState":{"showFog":true,"showMaterialUpdate":false,"showSkybox":true,"showFlares":true,"showImageEffects":true,"showParticleSystems":true},"in2DMode":false,"pivot":{"x":-2.137948513031006,"y":1.3356095552444459,"z":0.9542479515075684},"rotation":{"x":0.0016255362424999476,"y":0.9408560395240784,"z":-0.004526807460933924,"w":0.3387722969055176},"size":6.743062973022461,"orthographic":false}