{"cameraMode":{"drawMode":0,"name":"Shaded","section":"Shading Mode"},"sceneLighting":true,"audioPlay":false,"sceneViewState":{"showFog":true,"showMaterialUpdate":false,"showSkybox":true,"showFlares":true,"showImageEffects":true,"showParticleSystems":true},"in2DMode":false,"pivot":{"x":-4.674472808837891,"y":1.0862534046173096,"z":3.609853506088257},"rotation":{"x":-0.008160256780683995,"y":-0.9336276054382324,"z":0.0212977547198534,"w":-0.35751840472221377},"size":2.9788498878479006,"orthographic":false}