{"cameraMode":{"drawMode":0,"name":"Shaded","section":"Shading Mode"},"sceneLighting":true,"audioPlay":false,"sceneViewState":{"showFog":true,"showMaterialUpdate":false,"showSkybox":true,"showFlares":true,"showImageEffects":true,"showParticleSystems":true},"in2DMode":false,"pivot":{"x":-2.248772621154785,"y":1.0111004114151,"z":0.12048101425170899},"rotation":{"x":0.010822363197803498,"y":0.9362053871154785,"z":-0.02893758751451969,"w":0.35009288787841799},"size":6.4776611328125,"orthographic":false}