{"cameraMode":{"drawMode":0,"name":"Shaded","section":"Shading Mode"},"sceneLighting":true,"audioPlay":false,"sceneViewState":{"showFog":true,"showMaterialUpdate":false,"showSkybox":true,"showFlares":true,"showImageEffects":true,"showParticleSystems":true},"in2DMode":false,"pivot":{"x":-5.466923236846924,"y":1.6189806461334229,"z":-2.851226329803467},"rotation":{"x":-0.003264422295615077,"y":-0.8909597992897034,"z":-0.0064065405167639259,"w":0.45402538776397707},"size":15.108709335327149,"orthographic":false}