{"cameraMode":{"drawMode":2,"name":"Shaded Wireframe","section":"Shading Mode"},"sceneLighting":false,"audioPlay":false,"sceneViewState":{"showFog":true,"showMaterialUpdate":false,"showSkybox":true,"showFlares":true,"showImageEffects":true,"showParticleSystems":true},"in2DMode":false,"pivot":{"x":1.10935378074646,"y":0.6518415212631226,"z":2.3238229751586916},"rotation":{"x":-0.02244500257074833,"y":0.8928326964378357,"z":-0.04476919025182724,"w":-0.44759565591812136},"size":4.257232666015625,"orthographic":false}