{"cameraMode":{"drawMode":0,"name":"Shaded","section":"Shading Mode"},"sceneLighting":true,"audioPlay":false,"sceneViewState":{"showFog":true,"showMaterialUpdate":false,"showSkybox":true,"showFlares":true,"showImageEffects":true,"showParticleSystems":true},"in2DMode":false,"pivot":{"x":-1.9937901496887208,"y":0.5399470329284668,"z":-1.8587327003479005},"rotation":{"x":-0.023699048906564714,"y":0.9758772850036621,"z":-0.1673247069120407,"w":-0.1382182389497757},"size":19.543601989746095,"orthographic":false}