{"cameraMode":{"drawMode":2,"name":"Shaded Wireframe","section":"Shading Mode"},"sceneLighting":false,"audioPlay":false,"sceneViewState":{"showFog":true,"showMaterialUpdate":false,"showSkybox":true,"showFlares":true,"showImageEffects":true,"showParticleSystems":true},"in2DMode":false,"pivot":{"x":-211.97422790527345,"y":61.10261154174805,"z":117.42073822021485},"rotation":{"x":-0.035591643303632739,"y":0.8400736451148987,"z":-0.055524058640003207,"w":-0.5384484529495239},"size":747.2155151367188,"orthographic":false}