{"cameraMode":{"drawMode":0,"name":"Shaded","section":"Shading Mode"},"sceneLighting":true,"audioPlay":false,"sceneViewState":{"showFog":true,"showMaterialUpdate":false,"showSkybox":true,"showFlares":true,"showImageEffects":true,"showParticleSystems":true},"in2DMode":false,"pivot":{"x":0.8832359313964844,"y":-1.6581320762634278,"z":0.5654864311218262},"rotation":{"x":-0.10088289529085159,"y":0.8972639441490173,"z":-0.2719717025756836,"w":-0.33282363414764407},"size":11.130568504333496,"orthographic":false}