{"cameraMode":{"drawMode":0,"name":"Shaded","section":"Shading Mode"},"sceneLighting":false,"audioPlay":false,"sceneViewState":{"showFog":true,"showMaterialUpdate":false,"showSkybox":true,"showFlares":true,"showImageEffects":true,"showParticleSystems":true},"in2DMode":false,"pivot":{"x":4.81903076171875,"y":2.7938859462738039,"z":5.225996971130371},"rotation":{"x":0.07883767038583756,"y":-0.8802605867385864,"z":0.157441183924675,"w":0.4406111538410187},"size":5.198972225189209,"orthographic":false}